id,firstName,lastName
1,Jean,Dupont
2,Marie,Durand
3,Paul,Martin
4,Lucie,Moreau
5,David,Garcia
6,Sophie,Leclerc
7,Thomas,Petit
8,Emma,Roux
9,Alexandre,Lemoine
10,Chloe,Blanc
11,Maxime,Faure
12,Julie,Morel
13,Antoine,Brun
14,Claire,Simon
15,Julien,Michel
16,Laura,David
17,Mathieu,Richard
18,Isabelle,Fontaine
19,Kevin,Legrand
20,Amelie,Carpentier
21,Simon,Chevalier
22,Marine,Levy
23,Anthony,Marchand
24,Elodie,Perrot
25,Alexis,Renard
26,Manon,Garreau
27,Florian,Colin
28,Audrey,Barbier
29,Gregory,Brunet
30,Vanessa,Leclercq